Step,Time step,Time
1,0.001,0.001
2,0.0005,0.0015
3,0.00025,0.00175
4,0.000125,0.001875
5,0.000136146,0.00201115
6,6.80731e-05,0.00207922
7,6.80731e-05,0.00214729
8,3.40366e-05,0.00218133
9,6.80731e-05,0.0022494
10,3.40366e-05,0.00228344
11,2.91351e-05,0.00231257
12,1.45676e-05,0.00232714
13,1.45676e-05,0.00234171
14,7.28378e-06,0.00234899
15,7.28378e-06,0.00235628
16,4.02968e-06,0.00236031
17,4.02968e-06,0.00236434
18,2.70716e-06,0.00236704
19,2.70716e-06,0.00236975
20,8.2994e-06,0.00237805
21,4.1497e-06,0.0023822
22,4.39971e-06,0.0023866
23,4.08596e-06,0.00239069
24,4.40148e-06,0.00239509
25,4.40148e-06,0.00239949
26,4.40148e-06,0.00240389
27,8.80295e-06,0.00241269
28,1.76059e-05,0.0024303
29,1.76059e-05,0.0024479
30,1.76059e-05,0.00246551
31,3.52118e-05,0.00250072
32,7.04236e-05,0.00257115
33,0.000140847,0.00271199
34,0.000140847,0.00285284
35,0.000140847,0.00299369
36,0.000281694,0.00327538
37,0.000563389,0.00383877
38,0.000563389,0.00440216
39,0.000563389,0.00496555
40,0.00112678,0.00609233
41,0.00112678,0.0072191
42,0.00112678,0.00834588
43,0.00112678,0.00947266
44,0.00112678,0.0105994
45,0.00225356,0.012853
46,0.00225356,0.0151065
47,0.00225356,0.0173601
48,0.00225356,0.0196137
49,0.00225356,0.0218672
50,0.00225356,0.0241208
51,0.00450711,0.0286279
52,0.00450711,0.033135
53,0.00450711,0.0376421
54,0.00450711,0.0421492
55,0.00450711,0.0466563
56,0.00450711,0.0511634
57,0.00450711,0.0556705
58,0.00450711,0.0601777
59,0.00901422,0.0691919
60,0.00901422,0.0782061
61,0.00901422,0.0872203
62,0.00901422,0.0962345
63,0.00901422,0.105249
64,0.00901422,0.114263
65,0.00901422,0.123277
66,0.00901422,0.132291
67,0.0133974,0.145689
68,0.0133974,0.159086
69,0.0133974,0.172484
70,0.0133974,0.185881
71,0.0133974,0.199279
72,0.0166671,0.215946
73,0.0166671,0.232613
74,0.0166671,0.24928
75,0.0189284,0.268208
76,0.0189284,0.287137
77,0.0201803,0.307317
78,0.0201803,0.327497
79,0.0216742,0.349172
80,0.0226675,0.371839
81,0.0228626,0.394702
82,0.0243714,0.419073
83,0.0247692,0.443842
84,0.025578,0.46942
85,0.026703,0.496123
86,0.0273909,0.523514
87,0.0283042,0.551818
88,0.0294167,0.581235
89,0.0292439,0.610479
90,0.0296924,0.640171
91,0.0298112,0.669982
92,0.0295745,0.699557
93,0.0306677,0.730225
94,0.0293906,0.759615
95,0.0288509,0.788466
96,0.0270544,0.81552
97,0.0257196,0.84124
98,0.0257987,0.867039
99,0.025627,0.892666
100,0.0248742,0.91754
101,0.0248742,0.942414
102,0.0248742,0.967288
103,0.0248742,0.992163
104,0.0248742,1.01704
105,0.0248742,1.04191
106,0.0248742,1.06679
107,0.0248742,1.09166
108,0.0248742,1.11653
109,0.0248742,1.14141
110,0.0248742,1.16628
111,0.0248742,1.19116
112,0.0248742,1.21603
113,0.0248742,1.24091
114,0.0248742,1.26578
115,0.0248742,1.29065
116,0.0248742,1.31553
117,0.0248742,1.3404
118,0.0248742,1.36528
119,0.0248742,1.39015
120,0.0124371,1.40259
121,0.0124371,1.41502
122,0.0124371,1.42746
123,0.0124371,1.4399
124,0.0124371,1.45234
125,0.0124371,1.46477
126,0.0124371,1.47721
127,0.0124371,1.48965
128,0.0124371,1.50208
129,0.0124371,1.51452
130,0.0124371,1.52696
131,0.0186176,1.54558
132,0.0186176,1.56419
133,0.0186176,1.58281
134,0.0186176,1.60143
135,0.0213056,1.62273
136,0.0213056,1.64404
137,0.0213056,1.66535
138,0.0213056,1.68665
139,0.0213056,1.70796
140,0.0213056,1.72926
141,0.0213056,1.75057
142,0.0213056,1.77187
143,0.0213056,1.79318
144,0.0213056,1.81449
145,0.0213056,1.83579
146,0.0213056,1.8571
147,0.0213056,1.8784
148,0.0213056,1.89971
149,0.0213056,1.92101
150,0.0213056,1.94232
151,0.0213056,1.96362
152,0.0213056,1.98493
153,0.0213056,2.00624
154,0.0213056,2.02754
155,0.0213056,2.04885
156,0.0213056,2.07015
157,0.0106528,2.08081
158,0.0106528,2.09146
159,0.0106528,2.10211
160,0.0106528,2.11276
161,0.0106528,2.12342
162,0.0106528,2.13407
163,0.0106528,2.14472
164,0.0106528,2.15538
165,0.0106528,2.16603
166,0.0199484,2.18598
167,0.0199484,2.20593
168,0.0199484,2.22587
169,0.0199484,2.24582
170,0.0199484,2.26577
171,0.0199484,2.28572
172,0.0199484,2.30567
173,0.0199484,2.32562
174,0.0199484,2.34556
175,0.0199484,2.36551
176,0.0199484,2.38546
177,0.0199484,2.40541
178,0.0199484,2.42536
179,0.0199484,2.44531
180,0.0199484,2.46525
181,0.0199484,2.4852
182,0.0199484,2.50515
183,0.0199484,2.5251
184,0.0199484,2.54505
185,0.0199484,2.565
186,0.0199484,2.58494
187,0.0199484,2.60489
188,0.0199484,2.62484
189,0.0199484,2.64479
190,0.0199484,2.66474
191,0.0199484,2.68469
192,0.0199484,2.70464
193,0.0199484,2.72458
194,0.0199484,2.74453
195,0.0199484,2.76448
196,0.0199484,2.78443
197,0.0199484,2.80438
198,0.0199484,2.82433
199,0.0199484,2.84427
200,0.0199484,2.86422
201,0.0199484,2.88417
202,0.0199484,2.90412
203,0.0099742,2.91409
204,0.0099742,2.92407
205,0.0099742,2.93404
206,0.0099742,2.94402
207,0.0099742,2.95399
208,0.0099742,2.96396
209,0.0099742,2.97394
210,0.0152941,2.98923
211,0.0152941,3.00453
212,0.0152941,3.01982
213,0.02377,3.04359
214,0.024307,3.0679
215,0.024307,3.09221
216,0.024307,3.11651
217,0.024307,3.14082
218,0.024307,3.16513
219,0.024307,3.18943
220,0.024307,3.21374
221,0.024307,3.23805
222,0.024307,3.26235
223,0.024307,3.28666
224,0.024307,3.31097
225,0.024307,3.33528
226,0.024307,3.35958
227,0.024307,3.38389
228,0.024307,3.4082
229,0.024307,3.4325
230,0.024307,3.45681
231,0.0121535,3.46896
232,0.0121535,3.48112
233,0.0121535,3.49327
234,0.0121535,3.50542
235,0.0121535,3.51758
236,0.0121535,3.52973
237,0.0121535,3.54189
238,0.0121535,3.55404
239,0.0121535,3.56619
240,0.0121535,3.57835
241,0.0193988,3.59774
242,0.0193988,3.61714
243,0.0193988,3.63654
244,0.0217882,3.65833
245,0.0228881,3.68122
246,0.0228881,3.70411
247,0.0228881,3.72699
248,0.0228881,3.74988
249,0.0228881,3.77277
250,0.0228881,3.79566
251,0.0228881,3.81855
252,0.0228881,3.84144
253,0.0228881,3.86432
254,0.0228881,3.88721
255,0.0228881,3.9101
256,0.0228881,3.93299
257,0.0228881,3.95588
258,0.0228881,3.97876
259,0.0228881,4.00165
260,0.0228881,4.02454
261,0.0228881,4.04743
262,0.0228881,4.07032
263,0.0228881,4.0932
264,0.0228881,4.11609
265,0.0228881,4.13898
266,0.0228881,4.16187
267,0.0228881,4.18476
268,0.0228881,4.20764
269,0.011444,4.21909
270,0.011444,4.23053
271,0.011444,4.24198
272,0.011444,4.25342
273,0.011444,4.26487
274,0.011444,4.27631
275,0.011444,4.28775
276,0.011444,4.2992
277,0.0185811,4.31778
278,0.0185811,4.33636
279,0.0185811,4.35494
280,0.0247335,4.37967
281,0.0252651,4.40494
282,0.0252651,4.4302
283,0.0252651,4.45547
284,0.0252651,4.48073
285,0.0252651,4.506
286,0.0252651,4.53126
287,0.0252651,4.55653
288,0.0252651,4.58179
289,0.0252651,4.60706
290,0.0252651,4.63233
291,0.0252651,4.65759
292,0.0252651,4.68286
293,0.0252651,4.70812
294,0.0252651,4.73339
295,0.0252651,4.75865
296,0.0252651,4.78392
297,0.0252651,4.80918
298,0.0252651,4.83445
299,0.0252651,4.85971
300,0.0126326,4.87234
301,0.0126326,4.88498
302,0.0126326,4.89761
303,0.0126326,4.91024
304,0.0126326,4.92287
305,0.0126326,4.93551
306,0.0126326,4.94814
307,0.0126326,4.96077
308,0.0126326,4.9734
309,0.0126326,4.98604
310,0.0126326,4.99867
311,0.022587,5.02126
312,0.022587,5.04384
313,0.022587,5.06643
314,0.022587,5.08902
315,0.022587,5.1116
316,0.022587,5.13419
317,0.022587,5.15678
318,0.022587,5.17937
319,0.022587,5.20195
320,0.022587,5.22454
321,0.022587,5.24713
322,0.022587,5.26971
323,0.022587,5.2923
324,0.022587,5.31489
325,0.022587,5.33747
326,0.022587,5.36006
327,0.022587,5.38265
328,0.022587,5.40524
329,0.022587,5.42782
330,0.022587,5.45041
331,0.022587,5.473
332,0.022587,5.49558
333,0.022587,5.51817
334,0.022587,5.54076
335,0.022587,5.56335
336,0.0112935,5.57464
337,0.0112935,5.58593
338,0.0112935,5.59723
339,0.0112935,5.60852
340,0.0112935,5.61981
341,0.0112935,5.63111
342,0.0112935,5.6424
343,0.0112935,5.65369
344,0.0112935,5.66499
345,0.0185244,5.68351
346,0.0185244,5.70204
347,0.0185244,5.72056
348,0.0234126,5.74397
349,0.0232823,5.76725
350,0.0232823,5.79054
351,0.0232823,5.81382
352,0.0232823,5.8371
353,0.0232823,5.86038
354,0.0232823,5.88367
355,0.0232823,5.90695
356,0.0232823,5.93023
357,0.0232823,5.95351
358,0.0232823,5.9768
359,0.0232823,6.00008
360,0.0232823,6.02336
361,0.0232823,6.04664
362,0.0232823,6.06992
363,0.0232823,6.09321
364,0.0232823,6.11649
365,0.0232823,6.13977
366,0.0232823,6.16305
367,0.0232823,6.18634
368,0.0232823,6.20962
369,0.0232823,6.2329
370,0.0232823,6.25618
371,0.0232823,6.27946
372,0.0116411,6.29111
373,0.0116411,6.30275
374,0.0116411,6.31439
375,0.0116411,6.32603
376,0.0116411,6.33767
377,0.0116411,6.34931
378,0.0116411,6.36095
379,0.0116411,6.37259
380,0.0116411,6.38424
381,0.0199379,6.40417
382,0.0199379,6.42411
383,0.0199379,6.44405
384,0.0225844,6.46663
385,0.0232664,6.4899
386,0.0232664,6.51317
387,0.0232664,6.53643
388,0.0232664,6.5597
389,0.0232664,6.58297
390,0.0232664,6.60623
391,0.0232664,6.6295
392,0.0232664,6.65276
393,0.0232664,6.67603
394,0.0232664,6.6993
395,0.0232664,6.72256
396,0.0232664,6.74583
397,0.0232664,6.7691
398,0.0232664,6.79236
399,0.0232664,6.81563
400,0.0232664,6.8389
401,0.0232664,6.86216
402,0.0232664,6.88543
403,0.0232664,6.9087
404,0.0232664,6.93196
405,0.0232664,6.95523
406,0.0232664,6.9785
407,0.0232664,7.00176
408,0.0116332,7.01339
409,0.0116332,7.02503
410,0.0116332,7.03666
411,0.0116332,7.04829
412,0.0116332,7.05993
413,0.0116332,7.07156
414,0.0116332,7.08319
415,0.0116332,7.09483
416,0.0116332,7.10646
417,0.0116332,7.11809
418,0.021293,7.13939
419,0.021293,7.16068
420,0.021293,7.18197
421,0.021293,7.20327
422,0.021293,7.22456
423,0.021293,7.24585
424,0.021293,7.26714
425,0.021293,7.28844
426,0.021293,7.30973
427,0.021293,7.33102
428,0.021293,7.35232
429,0.021293,7.37361
430,0.021293,7.3949
431,0.021293,7.4162
432,0.021293,7.43749
433,0.021293,7.45878
434,0.021293,7.48007
435,0.021293,7.50137
436,0.021293,7.52266
437,0.021293,7.54395
438,0.021293,7.56525
439,0.021293,7.58654
440,0.021293,7.60783
441,0.021293,7.62913
442,0.021293,7.65042
443,0.021293,7.67171
444,0.021293,7.693
445,0.021293,7.7143
446,0.0106465,7.72494
447,0.0106465,7.73559
448,0.0106465,7.74624
449,0.0106465,7.75688
450,0.0106465,7.76753
451,0.0106465,7.77818
452,0.0106465,7.78882
453,0.0106465,7.79947
454,0.0158069,7.81528
455,0.0158069,7.83108
456,0.0186403,7.84972
457,0.0228312,7.87255
458,0.0220812,7.89464
459,0.0220812,7.91672
460,0.0220812,7.9388
461,0.0220812,7.96088
462,0.0220812,7.98296
463,0.0220812,8.00504
464,0.0220812,8.02712
465,0.0220812,8.0492
466,0.0220812,8.07129
467,0.0220812,8.09337
468,0.0220812,8.11545
469,0.0220812,8.13753
470,0.0220812,8.15961
471,0.0220812,8.18169
472,0.0220812,8.20377
473,0.0220812,8.22585
474,0.0220812,8.24794
475,0.0220812,8.27002
476,0.0220812,8.2921
477,0.0220812,8.31418
478,0.0220812,8.33626
479,0.0220812,8.35834
480,0.0220812,8.38042
481,0.0220812,8.4025
482,0.0220812,8.42458
483,0.0220812,8.44667
484,0.0220812,8.46875
485,0.0220812,8.49083
486,0.0220812,8.51291
487,0.0220812,8.53499
488,0.0220812,8.55707
489,0.0220812,8.57915
490,0.0110406,8.59019
491,0.0110406,8.60123
492,0.0110406,8.61228
493,0.0110406,8.62332
494,0.0110406,8.63436
495,0.0110406,8.6454
496,0.0110406,8.65644
497,0.0110406,8.66748
498,0.0191443,8.68662
499,0.0191443,8.70577
500,0.0191443,8.72491
501,0.0199614,8.74487
502,0.0210057,8.76588
503,0.0210057,8.78688
504,0.0210057,8.80789
505,0.0210057,8.8289
506,0.0210057,8.8499
507,0.0210057,8.87091
508,0.0210057,8.89191
509,0.0210057,8.91292
510,0.0210057,8.93392
511,0.0210057,8.95493
512,0.0210057,8.97594
513,0.0210057,8.99694
514,0.0210057,9.01795
515,0.0210057,9.03895
516,0.0210057,9.05996
517,0.0210057,9.08096
518,0.0210057,9.10197
519,0.0210057,9.12298
520,0.0210057,9.14398
521,0.0210057,9.16499
522,0.0210057,9.18599
523,0.0210057,9.207
524,0.0210057,9.228
525,0.0210057,9.24901
526,0.0210057,9.27002
527,0.0210057,9.29102
528,0.0210057,9.31203
529,0.0105029,9.32253
530,0.0105029,9.33303
531,0.0105029,9.34354
532,0.0105029,9.35404
533,0.0105029,9.36454
534,0.0105029,9.37504
535,0.0105029,9.38555
536,0.0105029,9.39605
537,0.0105029,9.40655
538,0.016105,9.42266
539,0.016105,9.43876
540,0.0179046,9.45667
541,0.0200365,9.4767
542,0.019715,9.49642
543,0.019715,9.51613
544,0.019715,9.53585
545,0.019715,9.55556
546,0.019715,9.57528
547,0.019715,9.59499
548,0.019715,9.61471
549,0.019715,9.63442
550,0.019715,9.65414
551,0.019715,9.67385
552,0.019715,9.69357
553,0.019715,9.71328
554,0.019715,9.733
555,0.019715,9.75271
556,0.019715,9.77243
557,0.019715,9.79214
558,0.019715,9.81186
559,0.019715,9.83157
560,0.019715,9.85129
561,0.019715,9.871
562,0.019715,9.89072
563,0.019715,9.91043
564,0.019715,9.93015
565,0.019715,9.94986
566,0.019715,9.96958
567,0.019715,9.98929
568,0.019715,10.009
569,0.019715,10.0287
570,0.019715,10.0484
571,0.019715,10.0682
572,0.019715,10.0879
573,0.019715,10.1076
574,0.019715,10.1273
575,0.019715,10.147
576,0.019715,10.1667
577,0.019715,10.1864
578,0.019715,10.2062
579,0.019715,10.2259
580,0.019715,10.2456
581,0.019715,10.2653
582,0.019715,10.285
583,0.019715,10.3047
584,0.019715,10.3244
585,0.019715,10.3442
586,0.019715,10.3639
587,0.019715,10.3836
588,0.019715,10.4033
589,0.019715,10.423
590,0.019715,10.4427
591,0.019715,10.4625
592,0.019715,10.4822
593,0.019715,10.5019
594,0.019715,10.5216
595,0.019715,10.5413
596,0.019715,10.561
597,0.019715,10.5807
598,0.019715,10.6005
599,0.00985748,10.6103
600,0.00985748,10.6202
601,0.00985748,10.63
602,0.00985748,10.6399
603,0.00985748,10.6497
604,0.00985748,10.6596
605,0.00985748,10.6695
606,0.00985748,10.6793
607,0.0138192,10.6931
608,0.0138192,10.707
609,0.0164457,10.7234
610,0.0191072,10.7425
611,0.0191072,10.7616
612,0.0191072,10.7807
613,0.0191072,10.7998
614,0.0191072,10.8189
615,0.0191072,10.838
616,0.0191072,10.8572
617,0.0191072,10.8763
618,0.0191072,10.8954
619,0.0191072,10.9145
620,0.0191072,10.9336
621,0.0191072,10.9527
622,0.0191072,10.9718
623,0.0191072,10.9909
624,0.0191072,11.01
625,0.0191072,11.0291
626,0.0191072,11.0482
627,0.0191072,11.0673
628,0.0191072,11.0864
629,0.0191072,11.1055
630,0.0191072,11.1247
631,0.0191072,11.1438
632,0.0191072,11.1629
633,0.0191072,11.182
634,0.0191072,11.2011
635,0.0191072,11.2202
636,0.0191072,11.2393
637,0.0191072,11.2584
638,0.0191072,11.2775
639,0.0191072,11.2966
640,0.0191072,11.3157
641,0.0191072,11.3348
642,0.0191072,11.3539
643,0.0191072,11.373
644,0.0191072,11.3922
645,0.0191072,11.4113
646,0.0191072,11.4304
647,0.0191072,11.4495
648,0.0191072,11.4686
649,0.0191072,11.4877
650,0.00955361,11.4972
651,0.00955361,11.5068
652,0.00955361,11.5164
653,0.00955361,11.5259
654,0.00955361,11.5355
655,0.00955361,11.545
656,0.00955361,11.5546
657,0.0157052,11.5703
658,0.0157052,11.586
659,0.0157052,11.6017
660,0.0185319,11.6202
661,0.0201404,11.6404
662,0.0201404,11.6605
663,0.0201404,11.6806
664,0.0201404,11.7008
665,0.0201404,11.7209
666,0.0201404,11.7411
667,0.0201404,11.7612
668,0.0201404,11.7813
669,0.0201404,11.8015
670,0.0201404,11.8216
671,0.0201404,11.8418
672,0.0201404,11.8619
673,0.0201404,11.882
674,0.0201404,11.9022
675,0.0201404,11.9223
676,0.0201404,11.9425
677,0.0201404,11.9626
678,0.0201404,11.9827
679,0.0201404,12.0029
680,0.0201404,12.023
681,0.0201404,12.0432
682,0.0201404,12.0633
683,0.0201404,12.0834
684,0.0201404,12.1036
685,0.0201404,12.1237
686,0.0201404,12.1439
687,0.0201404,12.164
688,0.0201404,12.1841
689,0.0201404,12.2043
690,0.0201404,12.2244
691,0.0201404,12.2446
692,0.0201404,12.2647
693,0.0201404,12.2848
694,0.0201404,12.305
695,0.0201404,12.3251
696,0.0201404,12.3453
697,0.0201404,12.3654
698,0.0100702,12.3755
699,0.0100702,12.3855
700,0.0100702,12.3956
701,0.0100702,12.4057
702,0.0100702,12.4158
703,0.0100702,12.4258
704,0.0100702,12.4359
705,0.0100702,12.446
706,0.0100702,12.456
707,0.0100702,12.4661
708,0.0173799,12.4835
709,0.0173799,12.5009
710,0.0173799,12.5183
711,0.0173799,12.5356
712,0.0173799,12.553
713,0.0173799,12.5704
714,0.0173799,12.5878
715,0.0173799,12.6052
716,0.0173799,12.6225
717,0.0173799,12.6399
718,0.0173799,12.6573
719,0.0173799,12.6747
720,0.0173799,12.6921
721,0.0173799,12.7094
722,0.0173799,12.7268
723,0.0173799,12.7442
724,0.0173799,12.7616
725,0.0173799,12.779
726,0.0173799,12.7963
727,0.0173799,12.8137
728,0.0173799,12.8311
729,0.0173799,12.8485
730,0.0173799,12.8658
731,0.0173799,12.8832
732,0.0173799,12.9006
733,0.0173799,12.918
734,0.0173799,12.9354
735,0.0173799,12.9527
736,0.0173799,12.9701
737,0.0173799,12.9875
738,0.0173799,13.0049
739,0.0173799,13.0223
740,0.0173799,13.0396
741,0.0173799,13.057
742,0.0173799,13.0744
743,0.0173799,13.0918
744,0.0173799,13.1092
745,0.0173799,13.1265
746,0.0173799,13.1439
747,0.0173799,13.1613
748,0.0173799,13.1787
749,0.0173799,13.1961
750,0.0173799,13.2134
751,0.0173799,13.2308
752,0.0173799,13.2482
753,0.0173799,13.2656
754,0.0173799,13.283
755,0.0173799,13.3003
756,0.0173799,13.3177
757,0.0173799,13.3351
758,0.0173799,13.3525
759,0.0173799,13.3699
760,0.0173799,13.3872
761,0.0173799,13.4046
762,0.0173799,13.422
763,0.0173799,13.4394
764,0.0173799,13.4568
765,0.0173799,13.4741
766,0.0173799,13.4915
767,0.0173799,13.5089
768,0.0173799,13.5263
769,0.0173799,13.5437
770,0.0177306,13.5614
771,0.0183879,13.5798
772,0.0185277,13.5983
773,0.0186835,13.617
774,0.0186173,13.6356
775,0.0189099,13.6545
776,0.0190003,13.6735
777,0.0188911,13.6924
778,0.0188318,13.7112
779,0.0185575,13.7298
780,0.0186797,13.7485
781,0.0188045,13.7673
782,0.0184814,13.7858
783,0.0182731,13.804
784,0.0179812,13.822
785,0.0180319,13.8401
786,0.0180754,13.8581
787,0.017604,13.8757
788,0.0173544,13.8931
789,0.0173544,13.9104
790,0.0173544,13.9278
791,0.0173544,13.9452
792,0.0173544,13.9625
793,0.0173544,13.9799
794,0.0173544,13.9972
795,0.0173544,14.0146
796,0.0173544,14.0319
797,0.0173544,14.0493
798,0.0173544,14.0666
799,0.0173544,14.084
800,0.0173544,14.1013
801,0.0173544,14.1187
802,0.0173544,14.1361
803,0.0173544,14.1534
804,0.0173544,14.1708
805,0.0173544,14.1881
806,0.0173544,14.2055
807,0.0173544,14.2228
808,0.0173544,14.2402
809,0.0173544,14.2575
810,0.0173544,14.2749
811,0.0173544,14.2922
812,0.0173544,14.3096
813,0.0173544,14.327
814,0.0173544,14.3443
815,0.0173544,14.3617
816,0.0173544,14.379
817,0.0173544,14.3964
818,0.0173544,14.4137
819,0.0173544,14.4311
820,0.0173544,14.4484
821,0.0173544,14.4658
822,0.0173544,14.4831
823,0.0173544,14.5005
824,0.0173544,14.5178
825,0.0173544,14.5352
826,0.0173544,14.5526
827,0.0173544,14.5699
828,0.0173544,14.5873
829,0.0173544,14.6046
830,0.0173544,14.622
831,0.0173544,14.6393
832,0.0173544,14.6567
833,0.0173544,14.674
834,0.0173544,14.6914
835,0.0173544,14.7087
836,0.0173544,14.7261
837,0.0173544,14.7435
838,0.0173544,14.7608
839,0.0173544,14.7782
840,0.0173544,14.7955
841,0.0173544,14.8129
842,0.0173544,14.8302
843,0.0173544,14.8476
844,0.0173544,14.8649
845,0.0173544,14.8823
846,0.0173544,14.8996
847,0.0173544,14.917
848,0.0173544,14.9344
849,0.0173544,14.9517
850,0.0173544,14.9691
851,0.0173544,14.9864
852,0.0173544,15.0038
853,0.0173544,15.0211
854,0.0173544,15.0385
855,0.0173544,15.0558
856,0.0173544,15.0732
857,0.0173544,15.0905
858,0.0173544,15.1079
859,0.0173544,15.1253
860,0.0173544,15.1426
861,0.0173544,15.16
862,0.0173544,15.1773
863,0.0173544,15.1947
864,0.0173544,15.212
865,0.0173544,15.2294
866,0.0173544,15.2467
867,0.0173544,15.2641
868,0.0173544,15.2814
869,0.0173544,15.2988
870,0.0173544,15.3162
871,0.0173544,15.3335
872,0.0173544,15.3509
873,0.0173544,15.3682
874,0.0173544,15.3856
875,0.0173544,15.4029
876,0.0173544,15.4203
877,0.0173544,15.4376
878,0.0173544,15.455
879,0.0173544,15.4723
880,0.0173544,15.4897
881,0.0173544,15.5071
882,0.0173544,15.5244
883,0.0173544,15.5418
884,0.0173544,15.5591
885,0.0173544,15.5765
886,0.0173544,15.5938
887,0.0173544,15.6112
888,0.0173544,15.6285
889,0.0173544,15.6459
890,0.0173544,15.6632
891,0.0173544,15.6806
892,0.0173544,15.6979
893,0.0173544,15.7153
894,0.00867721,15.724
895,0.00867721,15.7327
896,0.00867721,15.7413
897,0.00867721,15.75
898,0.00867721,15.7587
899,0.00867721,15.7674
900,0.00867721,15.776
901,0.0126635,15.7887
902,0.0126635,15.8014
903,0.0145739,15.8159
904,0.0181773,15.8341
905,0.018597,15.8527
906,0.018597,15.8713
907,0.018597,15.8899
908,0.018597,15.9085
909,0.018597,15.9271
910,0.018597,15.9457
911,0.018597,15.9643
912,0.018597,15.9829
913,0.018597,16.0015
914,0.018597,16.0201
915,0.018597,16.0387
916,0.018597,16.0573
917,0.018597,16.0759
918,0.018597,16.0945
919,0.018597,16.1131
920,0.018597,16.1317
921,0.018597,16.1503
922,0.018597,16.1689
923,0.018597,16.1875
924,0.018597,16.2061
925,0.018597,16.2247
926,0.018597,16.2433
927,0.018597,16.2619
928,0.018597,16.2805
929,0.018597,16.299
930,0.018597,16.3176
931,0.018597,16.3362
932,0.018597,16.3548
933,0.018597,16.3734
934,0.018597,16.392
935,0.018597,16.4106
936,0.018597,16.4292
937,0.018597,16.4478
938,0.018597,16.4664
939,0.018597,16.485
940,0.018597,16.5036
941,0.018597,16.5222
942,0.018597,16.5408
943,0.018597,16.5594
944,0.018597,16.578
945,0.018597,16.5966
946,0.018597,16.6152
947,0.018597,16.6338
948,0.018597,16.6524
949,0.018597,16.671
950,0.018597,16.6896
951,0.018597,16.7082
952,0.018597,16.7268
953,0.018597,16.7454
954,0.018597,16.764
955,0.018597,16.7826
956,0.018597,16.8012
957,0.018597,16.8198
958,0.018597,16.8384
959,0.018597,16.857
960,0.018597,16.8756
961,0.018597,16.8942
962,0.018597,16.9127
963,0.018597,16.9313
964,0.018597,16.9499
965,0.018597,16.9685
966,0.018597,16.9871
967,0.018597,17.0057
968,0.018597,17.0243
969,0.018597,17.0429
970,0.018597,17.0615
971,0.018597,17.0801
972,0.018597,17.0987
973,0.018597,17.1173
974,0.018597,17.1359
975,0.018597,17.1545
976,0.018597,17.1731
977,0.018597,17.1917
978,0.018597,17.2103
979,0.018597,17.2289
980,0.018597,17.2475
981,0.018597,17.2661
982,0.018597,17.2847
983,0.018597,17.3033
984,0.018597,17.3219
985,0.018597,17.3405
986,0.018597,17.3591
987,0.018597,17.3777
988,0.018597,17.3963
989,0.018597,17.4149
990,0.018597,17.4335
991,0.018597,17.4521
992,0.018597,17.4707
993,0.018597,17.4893
994,0.018597,17.5079
995,0.018597,17.5264
996,0.018597,17.545
997,0.018597,17.5636
998,0.018597,17.5822
999,0.018597,17.6008
1000,0.018597,17.6194
1001,0.018597,17.638
1002,0.018597,17.6566
1003,0.00929849,17.6659
1004,0.00929849,17.6752
1005,0.00929849,17.6845
1006,0.00929849,17.6938
1007,0.00929849,17.7031
1008,0.00929849,17.7124
1009,0.00929849,17.7217
1010,0.0128953,17.7346
1011,0.0128953,17.7475
1012,0.0158706,17.7634
1013,0.0190128,17.7824
1014,0.0187963,17.8012
1015,0.0180476,17.8192
1016,0.0186462,17.8379
1017,0.0183708,17.8563
1018,0.0180572,17.8743
1019,0.0177162,17.892
1020,0.0179208,17.9099
1021,0.0179775,17.9279
1022,0.0177286,17.9457
1023,0.0175729,17.9632
1024,0.0176066,17.9808
1025,0.017589,17.9984
1026,0.017676,18.0161
1027,0.0173856,18.0335
1028,0.0174623,18.0509
1029,0.0174529,18.0684
1030,0.0172093,18.0856
1031,0.0173471,18.103
1032,0.0173448,18.1203
1033,0.0172841,18.1376
1034,0.0170265,18.1546
1035,0.0168631,18.1715
1036,0.0171288,18.1886
1037,0.0170283,18.2056
1038,0.0168611,18.2225
1039,0.0168611,18.2394
1040,0.0168611,18.2562
1041,0.0168611,18.2731
1042,0.0168611,18.2899
1043,0.0168611,18.3068
1044,0.0168611,18.3237
1045,0.0168611,18.3405
1046,0.0168611,18.3574
1047,0.0168611,18.3742
1048,0.0168611,18.3911
1049,0.0168611,18.408
1050,0.0168611,18.4248
1051,0.0168611,18.4417
1052,0.0168611,18.4585
1053,0.0168611,18.4754
1054,0.0168611,18.4923
1055,0.0168611,18.5091
1056,0.0168611,18.526
1057,0.0168611,18.5429
1058,0.0168611,18.5597
1059,0.0168611,18.5766
1060,0.0168611,18.5934
1061,0.0168611,18.6103
1062,0.0168611,18.6272
1063,0.0168611,18.644
1064,0.0168611,18.6609
1065,0.0168611,18.6777
1066,0.0168611,18.6946
1067,0.0168611,18.7115
1068,0.0168611,18.7283
1069,0.0168611,18.7452
1070,0.0168611,18.762
1071,0.0168611,18.7789
1072,0.0168611,18.7958
1073,0.0168611,18.8126
1074,0.0168611,18.8295
1075,0.0168611,18.8463
1076,0.0168611,18.8632
1077,0.0168611,18.8801
1078,0.0168611,18.8969
1079,0.0168611,18.9138
1080,0.0168611,18.9307
1081,0.0168611,18.9475
1082,0.0168611,18.9644
1083,0.0168611,18.9812
1084,0.00843054,18.9897
1085,0.00843054,18.9981
1086,0.00843054,19.0065
1087,0.00843054,19.015
1088,0.00843054,19.0234
1089,0.00843054,19.0318
1090,0.00843054,19.0403
1091,0.0148751,19.0551
1092,0.0148751,19.07
1093,0.0148751,19.0849
1094,0.0159791,19.1009
1095,0.017817,19.1187
1096,0.017817,19.1365
1097,0.017817,19.1543
1098,0.017817,19.1721
1099,0.017817,19.1899
1100,0.017817,19.2078
1101,0.017817,19.2256
1102,0.017817,19.2434
1103,0.017817,19.2612
1104,0.017817,19.279
1105,0.017817,19.2968
1106,0.017817,19.3147
1107,0.017817,19.3325
1108,0.017817,19.3503
1109,0.017817,19.3681
1110,0.017817,19.3859
1111,0.017817,19.4037
1112,0.017817,19.4216
1113,0.017817,19.4394
1114,0.017817,19.4572
1115,0.017817,19.475
1116,0.017817,19.4928
1117,0.017817,19.5106
1118,0.017817,19.5285
1119,0.017817,19.5463
1120,0.017817,19.5641
1121,0.017817,19.5819
1122,0.017817,19.5997
1123,0.017817,19.6176
1124,0.017817,19.6354
1125,0.017817,19.6532
1126,0.017817,19.671
1127,0.017817,19.6888
1128,0.017817,19.7066
1129,0.017817,19.7245
1130,0.017817,19.7423
1131,0.017817,19.7601
1132,0.017817,19.7779
1133,0.017817,19.7957
1134,0.017817,19.8135
1135,0.017817,19.8314
1136,0.017817,19.8492
1137,0.017817,19.867
1138,0.017817,19.8848
1139,0.017817,19.9026
1140,0.017817,19.9204
1141,0.017817,19.9383
1142,0.017817,19.9561
1143,0.017817,19.9739
1144,0.017817,19.9917
1145,0.017817,20.0095
1146,0.0166506,20.0262
1147,0.0180182,20.0442
1148,0.0181615,20.0624
1149,0.0184826,20.0808
1150,0.0190933,20.0999
1151,0.0190775,20.119
1152,0.0191661,20.1382
1153,0.0194702,20.1576
1154,0.0195193,20.1772
1155,0.0196045,20.1968
1156,0.0193427,20.2161
1157,0.0196135,20.2357
1158,0.0196066,20.2553
1159,0.0196127,20.2749
1160,0.0196343,20.2946
1161,0.0193044,20.3139
1162,0.0194628,20.3333
1163,0.0194931,20.3528
1164,0.0193709,20.3722
1165,0.0193551,20.3916
1166,0.0189998,20.4106
1167,0.0191509,20.4297
1168,0.0191491,20.4489
1169,0.0189588,20.4678
1170,0.0189134,20.4867
1171,0.0185686,20.5053
1172,0.0186833,20.524
1173,0.0186456,20.5426
1174,0.018387,20.561
1175,0.0183815,20.5794
1176,0.0181031,20.5975
1177,0.0181629,20.6157
1178,0.0180779,20.6337
1179,0.0178062,20.6516
1180,0.0178837,20.6694
1181,0.0176721,20.6871
1182,0.0176375,20.7047
1183,0.0175281,20.7223
1184,0.017304,20.7396
1185,0.0174833,20.7571
1186,0.0173213,20.7744
1187,0.0172047,20.7916
1188,0.0171301,20.8087
1189,0.0169845,20.8257
1190,0.0172112,20.8429
1191,0.0170461,20.86
1192,0.0168781,20.8768
1193,0.0168835,20.8937
1194,0.0168094,20.9105
1195,0.017023,20.9276
1196,0.0168346,20.9444
1197,0.0166612,20.961
1198,0.0167695,20.9778
1199,0.0167405,20.9946
1200,0.0168905,21.0114
1201,0.0166586,21.0281
1202,0.0165009,21.0446
1203,0.0167105,21.0613
1204,0.0166955,21.078
1205,0.016753,21.0948
1206,0.0164706,21.1112
1207,0.0163475,21.1276
1208,0.0166489,21.1442
1209,0.0166033,21.1608
1210,0.016544,21.1774
1211,0.0162093,21.1936
1212,0.0161382,21.2097
1213,0.0165232,21.2263
1214,0.0163969,21.2426
1215,0.0162148,21.2589
1216,0.0162148,21.2751
1217,0.0162148,21.2913
1218,0.0160023,21.3073
1219,0.0160674,21.3234
1220,0.0160674,21.3394
1221,0.0160674,21.3555
1222,0.0160674,21.3716
1223,0.0160674,21.3876
1224,0.0160674,21.4037
1225,0.0160674,21.4198
1226,0.0160674,21.4358
1227,0.0160674,21.4519
1228,0.0160674,21.468
1229,0.0160674,21.484
1230,0.0160674,21.5001
1231,0.0160674,21.5162
1232,0.0160674,21.5322
1233,0.0160674,21.5483
1234,0.0160674,21.5644
1235,0.0160674,21.5804
1236,0.0160674,21.5965
1237,0.0160674,21.6126
1238,0.0160674,21.6286
1239,0.0160674,21.6447
1240,0.0160674,21.6608
1241,0.0160674,21.6768
1242,0.0160674,21.6929
1243,0.0160674,21.709
1244,0.0160674,21.725
1245,0.0160674,21.7411
1246,0.0160674,21.7572
1247,0.0160674,21.7733
1248,0.0160674,21.7893
1249,0.0160674,21.8054
1250,0.0160674,21.8215
1251,0.0160674,21.8375
1252,0.0160674,21.8536
1253,0.0160674,21.8697
1254,0.0160674,21.8857
1255,0.0160674,21.9018
1256,0.0160674,21.9179
1257,0.0160674,21.9339
1258,0.0160674,21.95
1259,0.0160674,21.9661
1260,0.0160674,21.9821
1261,0.0160674,21.9982
1262,0.0160674,22.0143
1263,0.0160674,22.0303
1264,0.0160674,22.0464
1265,0.0160674,22.0625
1266,0.0160674,22.0785
1267,0.0160674,22.0946
1268,0.0160674,22.1107
1269,0.0160674,22.1267
1270,0.0160674,22.1428
1271,0.0160674,22.1589
1272,0.0160674,22.1749
1273,0.0160674,22.191
1274,0.0160674,22.2071
1275,0.0160674,22.2231
1276,0.0160674,22.2392
1277,0.0160674,22.2553
1278,0.0160674,22.2713
1279,0.0160674,22.2874
1280,0.0160674,22.3035
1281,0.0160674,22.3195
1282,0.0160674,22.3356
1283,0.0160674,22.3517
1284,0.0160674,22.3677
1285,0.0160674,22.3838
1286,0.0160674,22.3999
1287,0.0160674,22.4159
1288,0.0160674,22.432
1289,0.0160674,22.4481
1290,0.0160674,22.4641
1291,0.0160674,22.4802
1292,0.0160674,22.4963
1293,0.0160674,22.5124
1294,0.0160674,22.5284
1295,0.0160674,22.5445
1296,0.0160674,22.5606
1297,0.0160674,22.5766
1298,0.0160674,22.5927
1299,0.0160674,22.6088
1300,0.0160674,22.6248
1301,0.0160674,22.6409
1302,0.0160674,22.657
1303,0.0160674,22.673
1304,0.0160674,22.6891
1305,0.0160674,22.7052
1306,0.0160674,22.7212
1307,0.0160674,22.7373
1308,0.0160674,22.7534
1309,0.0160674,22.7694
1310,0.0160674,22.7855
1311,0.0160674,22.8016
1312,0.0160674,22.8176
1313,0.0160674,22.8337
1314,0.0160674,22.8498
1315,0.0160674,22.8658
1316,0.0160674,22.8819
1317,0.0160674,22.898
1318,0.0160674,22.914
1319,0.0160674,22.9301
1320,0.0160674,22.9462
1321,0.0160674,22.9622
1322,0.0156895,22.9779
1323,0.0167274,22.9947
1324,0.0174647,23.0121
1325,0.0179145,23.03
1326,0.0184252,23.0485
1327,0.0188341,23.0673
1328,0.0185166,23.0858
1329,0.0188777,23.1047
1330,0.0190995,23.1238
1331,0.0190476,23.1428
1332,0.0191447,23.162
1333,0.0190222,23.181
1334,0.0191957,23.2002
1335,0.0194161,23.2196
1336,0.0192716,23.2389
1337,0.0193721,23.2583
1338,0.0192232,23.2775
1339,0.0194056,23.2969
1340,0.0195522,23.3164
1341,0.0193349,23.3358
1342,0.0194391,23.3552
1343,0.0193475,23.3746
1344,0.0194683,23.394
1345,0.0195863,23.4136
1346,0.0193201,23.4329
1347,0.0194376,23.4524
1348,0.0193869,23.4718
1349,0.0194489,23.4912
1350,0.0195005,23.5107
1351,0.0191833,23.5299
1352,0.0193195,23.5492
1353,0.0192938,23.5685
1354,0.0192831,23.5878
1355,0.0192908,23.6071
1356,0.0189659,23.626
1357,0.0191323,23.6452
1358,0.0191072,23.6643
1359,0.0190151,23.6833
1360,0.0189914,23.7023
1361,0.018667,23.721
1362,0.0188398,23.7398
1363,0.0187889,23.7586
1364,0.018632,23.7772
1365,0.018624,23.7958
1366,0.0183327,23.8142
1367,0.0184973,23.8327
1368,0.0183979,23.8511
1369,0.018191,23.8693
1370,0.0182371,23.8875
1371,0.0179834,23.9055
1372,0.0180972,23.9236
1373,0.0179391,23.9415
1374,0.0177315,23.9593
1375,0.0178841,23.9771
1376,0.0176653,23.9948
1377,0.0176897,24.0125
1378,0.0174822,24.03
1379,0.0173095,24.0473
1380,0.017573,24.0649
1381,0.0173478,24.0822
1382,0.0172565,24.0995
1383,0.0170374,24.1165
1384,0.016938,24.1334
1385,0.0172982,24.1507
1386,0.0170308,24.1678
1387,0.0168325,24.1846
1388,0.0166522,24.2012
1389,0.0166332,24.2179
1390,0.0170351,24.2349
1391,0.0166897,24.2516
1392,0.0164182,24.268
1393,0.0163303,24.2844
1394,0.0163786,24.3007
1395,0.0167564,24.3175
1396,0.0163194,24.3338
1397,0.0160232,24.3498
1398,0.016069,24.3659
1399,0.0161412,24.382
1400,0.0164242,24.3985
1401,0.0159074,24.4144
1402,0.0156458,24.43
1403,0.0158616,24.4459
1404,0.0159084,24.4618
1405,0.0160472,24.4778
1406,0.0160472,24.4939
1407,0.0160472,24.5099
1408,0.0160472,24.526
1409,0.0160472,24.542
1410,0.0160472,24.5581
1411,0.0160472,24.5741
1412,0.0160472,24.5902
1413,0.0160472,24.6062
1414,0.0160472,24.6223
1415,0.0160472,24.6383
1416,0.0160472,24.6544
1417,0.0160472,24.6704
1418,0.0160472,24.6865
1419,0.0160472,24.7025
1420,0.0160472,24.7185
1421,0.0160472,24.7346
1422,0.0160472,24.7506
1423,0.0160472,24.7667
1424,0.0160472,24.7827
1425,0.0160472,24.7988
1426,0.0160472,24.8148
1427,0.0160472,24.8309
1428,0.0160472,24.8469
1429,0.0160472,24.863
1430,0.0160472,24.879
1431,0.0160472,24.8951
1432,0.0160472,24.9111
1433,0.0160472,24.9272
1434,0.0160472,24.9432
1435,0.0160472,24.9593
1436,0.0160472,24.9753
1437,0.0160472,24.9913
1438,0.0160472,25.0074
1439,0.0160472,25.0234
1440,0.0160472,25.0395
1441,0.0160472,25.0555
1442,0.0160472,25.0716
1443,0.0160472,25.0876
1444,0.0160472,25.1037
1445,0.0160472,25.1197
1446,0.0160472,25.1358
1447,0.0160472,25.1518
1448,0.0160472,25.1679
1449,0.0160472,25.1839
1450,0.0160472,25.2
1451,0.0160472,25.216
1452,0.0160472,25.2321
1453,0.0160472,25.2481
1454,0.0160472,25.2641
1455,0.0160472,25.2802
1456,0.0160472,25.2962
1457,0.0160472,25.3123
1458,0.0160472,25.3283
1459,0.0160472,25.3444
1460,0.0160472,25.3604
1461,0.0160472,25.3765
1462,0.0160472,25.3925
1463,0.0160472,25.4086
1464,0.0160472,25.4246
1465,0.0160472,25.4407
1466,0.0160472,25.4567
1467,0.0160472,25.4728
1468,0.0160472,25.4888
1469,0.0160472,25.5049
1470,0.0160472,25.5209
1471,0.0160472,25.537
1472,0.0160472,25.553
1473,0.0160472,25.569
1474,0.0160472,25.5851
1475,0.0160472,25.6011
1476,0.0160472,25.6172
1477,0.0160472,25.6332
1478,0.0160472,25.6493
1479,0.0160472,25.6653
1480,0.0160472,25.6814
1481,0.0160472,25.6974
1482,0.0160472,25.7135
1483,0.0160472,25.7295
1484,0.0160472,25.7456
1485,0.0160472,25.7616
1486,0.0160472,25.7777
1487,0.0160472,25.7937
1488,0.0160472,25.8098
1489,0.0160472,25.8258
1490,0.0160472,25.8418
1491,0.0160472,25.8579
1492,0.0160472,25.8739
1493,0.0160472,25.89
1494,0.0160472,25.906
1495,0.0160472,25.9221
1496,0.0160472,25.9381
1497,0.0160472,25.9542
1498,0.0160472,25.9702
1499,0.0160472,25.9863
1500,0.0160472,26.0023
1501,0.0160472,26.0184
1502,0.0160472,26.0344
1503,0.0160472,26.0505
1504,0.0160472,26.0665
1505,0.0160472,26.0826
1506,0.0160472,26.0986
1507,0.0160472,26.1147
1508,0.0160472,26.1307
1509,0.0160472,26.1467
1510,0.0160472,26.1628
1511,0.0159147,26.1787
1512,0.0171265,26.1958
1513,0.0172077,26.213
1514,0.0179926,26.231
1515,0.0186703,26.2497
1516,0.0187722,26.2685
1517,0.018817,26.2873
1518,0.018807,26.3061
1519,0.0190356,26.3251
1520,0.0191337,26.3443
1521,0.0191692,26.3634
1522,0.019327,26.3828
1523,0.0189978,26.4018
1524,0.0192157,26.421
1525,0.0194094,26.4404
1526,0.0193591,26.4597
1527,0.0193972,26.4791
1528,0.0191174,26.4983
1529,0.0193073,26.5176
1530,0.0194983,26.5371
1531,0.0193372,26.5564
1532,0.019379,26.5758
1533,0.0191555,26.5949
1534,0.0193295,26.6143
1535,0.019466,26.6337
1536,0.0192509,26.653
1537,0.0193207,26.6723
1538,0.019142,26.6914
1539,0.0192484,26.7107
1540,0.0193315,26.73
1541,0.0190686,26.7491
1542,0.0191625,26.7683
1543,0.0190337,26.7873
1544,0.0190899,26.8064
1545,0.0191204,26.8255
1546,0.0188313,26.8443
1547,0.0189731,26.8633
1548,0.0188746,26.8822
1549,0.018846,26.901
1550,0.0188222,26.9199
1551,0.0185343,26.9384
1552,0.0187194,26.9571
1553,0.0186216,26.9757
1554,0.0185223,26.9942
1555,0.0184938,27.0127
1556,0.0182343,27.031
1557,0.0184388,27.0494
1558,0.0183086,27.0677
1559,0.0181445,27.0859
1560,0.0181444,27.104
1561,0.0179192,27.1219
1562,0.0181114,27.14
1563,0.0179328,27.158
1564,0.0177416,27.1757
1565,0.0178238,27.1935
1566,0.0176316,27.2112
1567,0.0177617,27.2289
1568,0.0175181,27.2465
1569,0.0173296,27.2638
1570,0.017519,27.2813
1571,0.0173306,27.2986
1572,0.0173583,27.316
1573,0.017072,27.3331
1574,0.0169321,27.35
1575,0.0172443,27.3672
1576,0.017027,27.3843
1577,0.0169309,27.4012
1578,0.016635,27.4178
1579,0.0165691,27.4344
1580,0.0169844,27.4514
1581,0.0167015,27.4681
1582,0.016488,27.4846
1583,0.0162337,27.5008
1584,0.0162559,27.5171
1585,0.0167281,27.5338
1586,0.0163503,27.5501
1587,0.0160478,27.5662
1588,0.0158865,27.5821
1589,0.0159815,27.5981
1590,0.0164407,27.6145
1591,0.0159625,27.6305
1592,0.0156291,27.6461
1593,0.0156182,27.6617
1594,0.0157532,27.6775
1595,0.0161255,27.6936
1596,0.0155654,27.7092
1597,0.015266,27.7244
1598,0.0154422,27.7399
1599,0.0155564,27.7554
1600,0.0157762,27.7712
1601,0.0157762,27.787
1602,0.0157762,27.8027
1603,0.0157762,27.8185
1604,0.0157762,27.8343
1605,0.0157762,27.8501
1606,0.0157762,27.8659
1607,0.0157762,27.8816
1608,0.0157762,27.8974
1609,0.0157762,27.9132
1610,0.0157762,27.929
1611,0.0157762,27.9447
1612,0.0157762,27.9605
1613,0.0157762,27.9763
1614,0.0157762,27.9921
1615,0.0157762,28.0078
1616,0.0157762,28.0236
1617,0.0157762,28.0394
1618,0.0157762,28.0552
1619,0.0157762,28.0709
1620,0.0157762,28.0867
1621,0.0157762,28.1025
1622,0.0157762,28.1183
1623,0.0157762,28.134
1624,0.0157762,28.1498
1625,0.0157762,28.1656
1626,0.0157762,28.1814
1627,0.0157762,28.1972
1628,0.0157762,28.2129
1629,0.0157762,28.2287
1630,0.0157762,28.2445
1631,0.0157762,28.2603
1632,0.0157762,28.276
1633,0.0157762,28.2918
1634,0.0157762,28.3076
1635,0.0157762,28.3234
1636,0.0157762,28.3391
1637,0.0157762,28.3549
1638,0.0157762,28.3707
1639,0.0157762,28.3865
1640,0.0157762,28.4022
1641,0.0157762,28.418
1642,0.0157762,28.4338
1643,0.0157762,28.4496
1644,0.0157762,28.4653
1645,0.0157762,28.4811
1646,0.0157762,28.4969
1647,0.0157762,28.5127
1648,0.0157762,28.5285
1649,0.0157762,28.5442
1650,0.0157762,28.56
1651,0.0157762,28.5758
1652,0.0157762,28.5916
1653,0.0157762,28.6073
1654,0.0157762,28.6231
1655,0.0157762,28.6389
1656,0.0157762,28.6547
1657,0.0157762,28.6704
1658,0.0157762,28.6862
1659,0.0157762,28.702
1660,0.0157762,28.7178
1661,0.0157762,28.7335
1662,0.0157762,28.7493
1663,0.0157762,28.7651
1664,0.0157762,28.7809
1665,0.0157762,28.7966
1666,0.0157762,28.8124
1667,0.0157762,28.8282
1668,0.0157762,28.844
1669,0.0157762,28.8598
1670,0.0157762,28.8755
1671,0.0157762,28.8913
1672,0.0157762,28.9071
1673,0.0157762,28.9229
1674,0.0157762,28.9386
1675,0.0157762,28.9544
1676,0.0157762,28.9702
1677,0.0157762,28.986
1678,0.0157762,29.0017
1679,0.0157762,29.0175
1680,0.0157762,29.0333
1681,0.0157762,29.0491
1682,0.0157762,29.0648
1683,0.0157762,29.0806
1684,0.0157762,29.0964
1685,0.0157762,29.1122
1686,0.0157762,29.1279
1687,0.0157762,29.1437
1688,0.0157762,29.1595
1689,0.0157762,29.1753
1690,0.0157762,29.1911
1691,0.0157762,29.2068
1692,0.0157762,29.2226
1693,0.0157222,29.2383
1694,0.0168908,29.2552
1695,0.017142,29.2724
1696,0.0176586,29.29
1697,0.0181805,29.3082
1698,0.0181742,29.3264
1699,0.0183837,29.3448
1700,0.0185077,29.3633
1701,0.0186452,29.3819
1702,0.018808,29.4007
1703,0.018629,29.4193
1704,0.0188573,29.4382
1705,0.0188715,29.4571
1706,0.0190176,29.4761
1707,0.0191427,29.4952
1708,0.0188522,29.5141
1709,0.0190386,29.5331
1710,0.0191562,29.5523
1711,0.0192242,29.5715
1712,0.0193039,29.5908
1713,0.0189893,29.6098
1714,0.0191939,29.629
1715,0.019349,29.6483
1716,0.0193553,29.6677
1717,0.0193915,29.6871
1718,0.0190758,29.7062
1719,0.0192779,29.7254
1720,0.019446,29.7449
1721,0.0193758,29.7643
1722,0.0193941,29.7837
1723,0.0191063,29.8028
1724,0.0193017,29.8221
1725,0.0194541,29.8415
1726,0.0193145,29.8608
1727,0.0193293,29.8802
1728,0.0190711,29.8992
1729,0.0192296,29.9185
1730,0.0193301,29.9378
1731,0.0191288,29.9569
1732,0.0191698,29.9761
1733,0.0189597,29.9951
1734,0.0190801,30.0141
1735,0.0191285,30.0333
1736,0.0188935,30.0522
1737,0.0189824,30.0711
1738,0.0188053,30.0899
1739,0.018854,30.1088
1740,0.0188376,30.1276
1741,0.0185881,30.1462
1742,0.0187399,30.165
1743,0.0185863,30.1836
1744,0.0185608,30.2021
1745,0.0185073,30.2206
1746,0.0182736,30.2389
1747,0.0184828,30.2574
1748,0.0183151,30.2757
1749,0.0182023,30.2939
1750,0.0181395,30.312
1751,0.01794,30.33
1752,0.0181874,30.3482
1753,0.0179845,30.3661
1754,0.0178085,30.384
1755,0.0177867,30.4017
1756,0.0176266,30.4194
1757,0.0178652,30.4372
1758,0.0175949,30.4548
1759,0.0173761,30.4722
1760,0.0174341,30.4896
1761,0.0173014,30.5069
1762,0.0174847,30.5244
1763,0.0171498,30.5416
1764,0.0169366,30.5585
1765,0.0171171,30.5756
1766,0.016987,30.5926
1767,0.017067,30.6097
1768,0.0166808,30.6264
1769,0.0165146,30.6429
1770,0.0168363,30.6597
1771,0.0166727,30.6764
1772,0.0166202,30.693
1773,0.0162208,30.7092
1774,0.0161408,30.7254
1775,0.0165945,30.742
1776,0.0163526,30.7583
1777,0.0161588,30.7745
1778,0.0157943,30.7903
1779,0.0158181,30.8061
1780,0.0163601,30.8224
1781,0.0160101,30.8385
1782,0.0157065,30.8542
1783,0.0154417,30.8696
1784,0.0155667,30.8852
1785,0.0161231,30.9013
1786,0.0156544,30.9169
1787,0.0152967,30.9322
1788,0.0151888,30.9474
1789,0.0153758,30.9628
1790,0.0158562,30.9787
1791,0.015291,30.994
1792,0.0149592,31.0089
1793,0.0150582,31.024
1794,0.0152447,31.0392
1795,0.0155729,31.0548
1796,0.0149591,31.0697
1797,0.0147234,31.0845
1798,0.0150382,31.0995
1799,0.015141,31.1147
1800,0.0152724,31.1299
1801,0.0152724,31.1452
1802,0.0152724,31.1605
1803,0.0152724,31.1757
1804,0.0152724,31.191
1805,0.0152724,31.2063
1806,0.0152724,31.2216
1807,0.0152724,31.2368
1808,0.0152724,31.2521
1809,0.0152724,31.2674
1810,0.0152724,31.2826
1811,0.0152724,31.2979
1812,0.0152724,31.3132
1813,0.0152724,31.3285
1814,0.0152724,31.3437
1815,0.0152724,31.359
1816,0.0152724,31.3743
1817,0.0152724,31.3896
1818,0.0152724,31.4048
1819,0.0152724,31.4201
1820,0.0152724,31.4354
1821,0.0152724,31.4506
1822,0.0152724,31.4659
1823,0.0152724,31.4812
1824,0.0152724,31.4965
1825,0.0152724,31.5117
1826,0.0152724,31.527
1827,0.0152724,31.5423
1828,0.0152724,31.5576
1829,0.0152724,31.5728
1830,0.0152724,31.5881
1831,0.0152724,31.6034
1832,0.0152724,31.6186
1833,0.0152724,31.6339
1834,0.0152724,31.6492
1835,0.0152724,31.6645
1836,0.0152724,31.6797
1837,0.0152724,31.695
1838,0.0152724,31.7103
1839,0.0152724,31.7255
1840,0.0152724,31.7408
1841,0.0152724,31.7561
1842,0.0152724,31.7714
1843,0.0152724,31.7866
1844,0.0152724,31.8019
1845,0.0152724,31.8172
1846,0.0152724,31.8325
1847,0.0152724,31.8477
1848,0.0152724,31.863
1849,0.0152724,31.8783
1850,0.0152724,31.8935
1851,0.0152724,31.9088
1852,0.0152724,31.9241
1853,0.0152724,31.9394
1854,0.0152724,31.9546
1855,0.0152724,31.9699
1856,0.0152724,31.9852
1857,0.0152724,32.0004
1858,0.0152724,32.0157
1859,0.0152724,32.031
1860,0.0152724,32.0463
1861,0.0152724,32.0615
1862,0.0152724,32.0768
1863,0.0152724,32.0921
1864,0.0156942,32.1078
1865,0.0159283,32.1237
1866,0.0164071,32.1401
1867,0.0165268,32.1566
1868,0.0167316,32.1734
1869,0.0169508,32.1903
1870,0.0168372,32.2072
1871,0.0170654,32.2242
1872,0.0171146,32.2413
1873,0.0171956,32.2585
1874,0.0174076,32.2759
1875,0.0172098,32.2932
1876,0.0174138,32.3106
1877,0.0175504,32.3281
1878,0.0176106,32.3457
1879,0.0177758,32.3635
1880,0.017572,32.3811
1881,0.0177935,32.3989
1882,0.0179911,32.4169
1883,0.0179827,32.4348
1884,0.0181397,32.453
1885,0.0179753,32.471
1886,0.0182022,32.4892
1887,0.0184254,32.5076
1888,0.0183472,32.5259
1889,0.0184928,32.5444
1890,0.0183793,32.5628
1891,0.0185989,32.5814
1892,0.0188227,32.6002
1893,0.0186687,32.6189
1894,0.0188125,32.6377
1895,0.0187603,32.6565
1896,0.018952,32.6754
1897,0.0191383,32.6946
1898,0.0189079,32.7135
1899,0.0190552,32.7325
1900,0.0190603,32.7516
1901,0.0192066,32.7708
1902,0.0193485,32.7901
1903,0.0190713,32.8092
1904,0.0192358,32.8284
1905,0.0192935,32.8477
1906,0.0193797,32.8671
1907,0.0194653,32.8866
1908,0.0191481,32.9057
1909,0.0193196,32.9251
1910,0.0194086,32.9445
1911,0.0194256,32.9639
1912,0.0194629,32.9833
1913,0.0191343,33.0025
1914,0.0193205,33.0218
1915,0.0194256,33.0412
1916,0.019368,33.0606
1917,0.0193682,33.08
1918,0.0190394,33.099
1919,0.0192186,33.1182
1920,0.0193014,33.1375
1921,0.0191693,33.1567
1922,0.0191647,33.1759
1923,0.0188694,33.1947
1924,0.0190421,33.2138
1925,0.0190921,33.2329
1926,0.0189072,33.2518
1927,0.0189327,33.2707
1928,0.0186738,33.2894
1929,0.0188008,33.3082
1930,0.0187866,33.327
1931,0.0185689,33.3455
1932,0.0186596,33.3642
1933,0.0184426,33.3826
1934,0.0185066,33.4011
1935,0.0184386,33.4196
1936,0.0182242,33.4378
1937,0.0183957,33.4562
1938,0.0181911,33.4744
1939,0.0181613,33.4926
1940,0.0180537,33.5106
1941,0.0178707,33.5285
1942,0.0181214,33.5466
1943,0.0179066,33.5645
1944,0.0177886,33.5823
1945,0.0176844,33.6
1946,0.0175494,33.6175
1947,0.017844,33.6354
1948,0.0175771,33.6529
1949,0.0173779,33.6703
1950,0.0173157,33.6876
1951,0.0172282,33.7049
1952,0.017523,33.7224
1953,0.0171908,33.7396
1954,0.016951,33.7565
1955,0.0169807,33.7735
1956,0.0169259,33.7904
1957,0.0171661,33.8076
1958,0.0167631,33.8244
1959,0.0165243,33.8409
1960,0.0166835,33.8576
1961,0.0166324,33.8742
1962,0.01677,33.891
1963,0.0163154,33.9073
1964,0.0161268,33.9234
1965,0.0164382,33.9399
1966,0.0163455,33.9562
1967,0.0163401,33.9725
1968,0.0158656,33.9884
1969,0.0157669,34.0042
1970,0.016227,34.0204
1971,0.0160488,34.0365
1972,0.0158935,34.0523
1973,0.0154555,34.0678
1974,0.0154756,34.0833
1975,0.0160466,34.0993
1976,0.0157458,34.1151
1977,0.0154617,34.1305
1978,0.0151197,34.1457
1979,0.0152557,34.1609
1980,0.0158622,34.1768
1981,0.0154287,34.1922
1982,0.0150769,34.2073
1983,0.0148977,34.2222
1984,0.0151176,34.2373
1985,0.0156667,34.253
1986,0.0151218,34.2681
1987,0.0147781,34.2829
1988,0.0148035,34.2977
1989,0.0150336,34.3127
1990,0.015436,34.3281
1991,0.015436,34.3436
1992,0.015436,34.359
1993,0.015436,34.3744
1994,0.015436,34.3899
1995,0.015436,34.4053
1996,0.015436,34.4207
1997,0.015436,34.4362
1998,0.015436,34.4516
1999,0.015436,34.4671
2000,0.015436,34.4825
2001,0.015436,34.4979
2002,0.015436,34.5134
2003,0.015436,34.5288
2004,0.015436,34.5442
2005,0.015436,34.5597
2006,0.015436,34.5751
2007,0.015436,34.5905
2008,0.015436,34.606
2009,0.015436,34.6214
2010,0.015436,34.6368
2011,0.015436,34.6523
2012,0.015436,34.6677
2013,0.015436,34.6832
2014,0.015436,34.6986
2015,0.015436,34.714
2016,0.015436,34.7295
2017,0.015436,34.7449
2018,0.015436,34.7603
2019,0.015436,34.7758
2020,0.015436,34.7912
2021,0.015436,34.8066
2022,0.015436,34.8221
2023,0.015436,34.8375
2024,0.015436,34.853
2025,0.015436,34.8684
2026,0.015436,34.8838
2027,0.015436,34.8993
2028,0.015436,34.9147
2029,0.015436,34.9301
2030,0.015436,34.9456
2031,0.015436,34.961
2032,0.015436,34.9764
2033,0.015436,34.9919
2034,0.015436,35.0073
2035,0.015436,35.0227
2036,0.015436,35.0382
2037,0.015436,35.0536
2038,0.015436,35.0691
2039,0.015436,35.0845
2040,0.015436,35.0999
2041,0.015436,35.1154
2042,0.015436,35.1308
2043,0.015436,35.1462
2044,0.015436,35.1617
2045,0.015436,35.1771
2046,0.015436,35.1925
2047,0.015436,35.208
2048,0.015436,35.2234
2049,0.015436,35.2389
2050,0.015436,35.2543
2051,0.015436,35.2697
2052,0.015436,35.2852
2053,0.015436,35.3006
2054,0.015436,35.316
2055,0.015436,35.3315
2056,0.015436,35.3469
2057,0.015436,35.3623
2058,0.015436,35.3778
2059,0.015436,35.3932
2060,0.015436,35.4086
2061,0.0162427,35.4249
2062,0.0164506,35.4413
2063,0.016773,35.4581
2064,0.0171994,35.4753
2065,0.0171702,35.4925
2066,0.0174128,35.5099
2067,0.0175228,35.5274
2068,0.0176411,35.5451
2069,0.0178115,35.5629
2070,0.0176145,35.5805
2071,0.0178521,35.5983
2072,0.0179857,35.6163
2073,0.018076,35.6344
2074,0.0182148,35.6526
2075,0.0179734,35.6706
2076,0.0182167,35.6888
2077,0.0184264,35.7072
2078,0.0184362,35.7257
2079,0.0185528,35.7442
2080,0.0183279,35.7625
2081,0.0185715,35.7811
2082,0.0188092,35.7999
2083,0.0187603,35.8187
2084,0.0188609,35.8375
2085,0.0186662,35.8562
2086,0.0188983,35.8751
2087,0.0191374,35.8943
2088,0.0190006,35.9133
2089,0.0190878,35.9323
2090,0.0189442,35.9513
2091,0.0191529,35.9704
2092,0.0193609,35.9898
2093,0.0191554,36.009
2094,0.0192581,36.0282
2095,0.0191739,36.0474
2096,0.0193341,36.0667
2097,0.0194861,36.0862
2098,0.0192201,36.1054
2099,0.0193341,36.1248
2100,0.0192951,36.1441
2101,0.0193955,36.1635
2102,0.0194901,36.1829
2103,0.019186,36.2021
2104,0.0193251,36.2215
2105,0.01933,36.2408
2106,0.0193612,36.2601
2107,0.0193934,36.2795
2108,0.0190613,36.2986
2109,0.0192173,36.3178
2110,0.0192347,36.337
2111,0.0191871,36.3562
2112,0.0191797,36.3754
2113,0.0188587,36.3943
2114,0.0190418,36.4133
2115,0.0190602,36.4324
2116,0.018945,36.4513
2117,0.0189298,36.4703
2118,0.018632,36.4889
2119,0.0188093,36.5077
2120,0.0187864,36.5265
2121,0.0186149,36.5451
2122,0.0186364,36.5637
2123,0.018382,36.5821
2124,0.0185324,36.6006
2125,0.0184584,36.6191
2126,0.0182627,36.6374
2127,0.018356,36.6557
2128,0.0181293,36.6739
2129,0.0182067,36.6921
2130,0.0180731,36.7101
2131,0.0178872,36.728
2132,0.0180784,36.7461
2133,0.0178649,36.764
2134,0.0178503,36.7818
2135,0.0176822,36.7995
2136,0.0175347,36.817
2137,0.0178147,36.8348
2138,0.017571,36.8524
2139,0.0174463,36.8699
2140,0.0172729,36.8871
2141,0.0171816,36.9043
2142,0.0175271,36.9218
2143,0.0172291,36.9391
2144,0.017014,36.9561
2145,0.016885,36.973
2146,0.0168538,36.9898
2147,0.0172178,37.007
2148,0.0168425,37.0239
2149,0.0165683,37.0405
2150,0.0165321,37.057
2151,0.016549,37.0735
2152,0.0168762,37.0904
2153,0.016423,37.1068
2154,0.0161398,37.123
2155,0.0162407,37.1392
2156,0.0162698,37.1555
2157,0.0164956,37.172
2158,0.0159775,37.188
2159,0.0157391,37.2037
2160,0.0160089,37.2197
2161,0.0160039,37.2357
2162,0.0160839,37.2518
2163,0.0155428,37.2673
2164,0.0154035,37.2827
2165,0.0158469,37.2986
2166,0.0157517,37.3143
2167,0.0156631,37.33
2168,0.0151515,37.3452
2169,0.0151436,37.3603
2170,0.0157249,37.376
2171,0.0154967,37.3915
2172,0.0152615,37.4068
2173,0.0148491,37.4216
2174,0.0149797,37.4366
2175,0.0156246,37.4522
2176,0.0152468,37.4675
2177,0.0149187,37.4824
2178,0.0146633,37.4971
2179,0.0148916,37.512
2180,0.0154961,37.5274
2181,0.0149888,37.5424
2182,0.0146488,37.5571
2183,0.014601,37.5717
2184,0.014861,37.5865
2185,0.0153386,37.6019
2186,0.0153386,37.6172
2187,0.0153386,37.6326
2188,0.0153386,37.6479
2189,0.0153386,37.6632
2190,0.0153386,37.6786
2191,0.0153386,37.6939
2192,0.0153386,37.7093
2193,0.0153386,37.7246
2194,0.0153386,37.7399
2195,0.0153386,37.7553
2196,0.0153386,37.7706
2197,0.0153386,37.786
2198,0.0153386,37.8013
2199,0.0153386,37.8166
2200,0.0153386,37.832
2201,0.0153386,37.8473
2202,0.0153386,37.8626
2203,0.0153386,37.878
2204,0.0153386,37.8933
2205,0.0153386,37.9087
2206,0.0153386,37.924
2207,0.0153386,37.9393
2208,0.0153386,37.9547
2209,0.0153386,37.97
2210,0.0153386,37.9854
2211,0.0153386,38.0007
2212,0.0153386,38.016
2213,0.0153386,38.0314
2214,0.0153386,38.0467
2215,0.0153386,38.062
2216,0.0153386,38.0774
2217,0.0153386,38.0927
2218,0.0153386,38.1081
2219,0.0153386,38.1234
2220,0.0153386,38.1387
2221,0.0153386,38.1541
2222,0.0153386,38.1694
2223,0.0153386,38.1848
2224,0.0153386,38.2001
2225,0.0153386,38.2154
2226,0.0153386,38.2308
2227,0.0153386,38.2461
2228,0.0153386,38.2614
2229,0.0153386,38.2768
2230,0.0153386,38.2921
2231,0.0153386,38.3075
2232,0.0153386,38.3228
2233,0.0153386,38.3381
2234,0.0153386,38.3535
2235,0.0153386,38.3688
2236,0.0153386,38.3842
2237,0.0153386,38.3995
2238,0.0153386,38.4148
2239,0.0153386,38.4302
2240,0.0153386,38.4455
2241,0.0153386,38.4608
2242,0.0153386,38.4762
2243,0.0153386,38.4915
2244,0.0153386,38.5069
2245,0.0153386,38.5222
2246,0.0162124,38.5384
2247,0.0161596,38.5546
2248,0.0164562,38.571
2249,0.0167994,38.5878
2250,0.0168553,38.6047
2251,0.0170838,38.6218
2252,0.0170864,38.6389
2253,0.0171893,38.656
2254,0.0173344,38.6734
2255,0.017254,38.6906
2256,0.0175249,38.7082
2257,0.0174737,38.7256
2258,0.0176123,38.7432
2259,0.0177762,38.761
2260,0.0176045,38.7786
2261,0.0178372,38.7965
2262,0.0179102,38.8144
2263,0.0180321,38.8324
2264,0.0181821,38.8506
2265,0.0179553,38.8685
2266,0.0181961,38.8867
2267,0.0183466,38.9051
2268,0.0184415,38.9235
2269,0.018558,38.9421
2270,0.0182986,38.9604
2271,0.0185485,38.9789
2272,0.0187623,38.9977
2273,0.0187992,39.0165
2274,0.0188882,39.0354
2275,0.0186247,39.054
2276,0.0188717,39.0729
2277,0.0191057,39.092
2278,0.0190676,39.1111
2279,0.0191291,39.1302
2280,0.0188799,39.1491
2281,0.0191147,39.1682
2282,0.0193496,39.1875
2283,0.0192419,39.2068
2284,0.019298,39.2261
2285,0.0190858,39.2452
2286,0.0192937,39.2644
2287,0.0194945,39.2839
2288,0.0193108,39.3032
2289,0.0193664,39.3226
2290,0.0191945,39.3418
2291,0.0193596,39.3612
2292,0.0195104,39.3807
2293,0.0192702,39.4
2294,0.0193489,39.4193
2295,0.0192275,39.4385
2296,0.0193366,39.4579
2297,0.0194201,39.4773
2298,0.0191289,39.4964
2299,0.0192326,39.5156
2300,0.0191449,39.5348
2301,0.019181,39.554
2302,0.0192029,39.5732
2303,0.0188983,39.5921
2304,0.0190515,39.6111
2305,0.0189966,39.6301
2306,0.0189596,39.6491
2307,0.0189386,39.668
2308,0.0186384,39.6867
2309,0.0188223,39.7055
2310,0.0187582,39.7242
2311,0.0186462,39.7429
2312,0.0186217,39.7615
2313,0.0183564,39.7799
2314,0.0185582,39.7984
2315,0.0184648,39.8169
2316,0.0183001,39.8352
2317,0.0183147,39.8535
2318,0.0180832,39.8716
2319,0.0182544,39.8898
2320,0.0181036,39.9079
2321,0.0179166,39.9259
2322,0.0180153,39.9439
2323,0.0178155,39.9617
2324,0.0179224,39.9796
2325,0.0177179,39.9973
2326,0.0175432,40.0149
2327,0.0177438,40.0326
